,asset_id,axis-0,axis-1,axis-2,axis-3
0,203,2.8265841936632254,2.9878404236383056,2.7538603595585616,2.739831790672837
1,785,3.4455989676041296,3.4426063545745818,3.0047058561765754,2.8433495016019936
2,1398,2.227755651477394,2.1562666874332503,4.400743147027412,4.499232378070488
3,1421,1.6477115966536133,1.7084649786400854,1.7629216358134567,1.7503281861872553
4,1908,1.7724334727661089,1.631569286222855,1.6621017265930935,1.6076339444642223
5,2602,2.3810964756140978,2.407740744037024,2.745800329298683,2.734675373798505
6,2774,9.298538180847277,8.896393289426843,8.585934718761125,6.300223611605554
7,2984,2.563434496262015,2.592370505517978,3.3218560875756498,3.2989720541117835
8,3600,2.241383721965112,2.2726114720541117,2.510318396226415,2.4967348255606976
9,3626,3.2489653791384834,3.2277389640441436,2.838354396582414,2.8475324848700607
10,3917,4.24186765752937,4.239475792096831,5.020503292986828,5.377213866144535
11,4205,4.46434451762193,4.348800729797081,3.962914960840157,4.107828631185475
12,4526,2.703864809540762,2.7072134211463155,2.1902144891420434,2.1808027767888927
13,5099,2.2566415984336063,2.2841647383410466,2.4239442417230332,2.162263038447846
14,5311,3.616372597009612,3.220513305446778,4.68000177999288,4.609002313990744
15,5537,1.9350413848344608,2.0197356710573158,2.1137304200783196,2.074559451762193
16,6890,2.5364676041295833,2.7303422036311855,2.5620883766464932,2.668999199003204
17,7038,3.435859069063724,3.465429200783197,3.7624766375934495,3.720123932004272
18,7282,2.867562967248131,2.9335339533641864,2.4911667853328585,2.4176085795656816
19,7581,2.3801564168743323,2.6973956479174084,2.8172002936988254,2.366172347810609
20,7619,3.229563456746173,3.2040205589177644,3.943062477750089,3.9279770380918477
21,8139,2.271576851192595,2.3112595674617302,2.664610404058384,2.593688812744749
22,8245,2.756385724457102,2.8042230331078675,2.475369348522606,2.4967292630829476
23,8817,3.1561776877892487,3.1653557760768956,2.7904670256318975,2.6389785065859734
24,9011,2.8934062388750443,2.889045256318975,2.1061543253826986,2.1442684229263085
25,9077,1.92501223745105,1.888622508009968,1.7609803310786756,1.7702362940548237
26,9223,4.504327607689569,4.357633944464222,5.157228996084016,5.357077696689213
27,9409,3.603061587753649,3.586307404770381,3.4059663136347456,3.253865922036312
28,9805,7.81253893734425,12.694870283018869,10.689763928444286,12.406533686365254
29,9891,2.200104574581702,2.07375845496618,2.211824715201139,2.0600246974012104
30,10133,3.6402022516909933,5.18002959238163,6.107339133143467,4.459777723389107
31,10198,2.7163525720897117,2.794794633321467,2.799628426486294,2.7034643111427554
32,10325,3.3952362940548237,3.4085973656105377,3.2870461018155925,3.4157284620861517
33,10781,4.6741945532217875,4.139006318974724,4.118419588821645,4.173488118547525
34,11061,2.431553711285155,2.2988552420790316,2.93250489498042,3.0303822534709863
35,11446,3.4387237451050194,3.9143489676041296,3.8877825738697047,4.037413225347098
36,11458,2.293943574225703,1.933072267710929,2.0010290583837667,2.1552209416162333
37,12128,5.7205744927020294,5.763183072267711,3.204176308294767,2.7026744393022426
38,12256,1.7976704343182628,1.7655304378782486,1.995377580989676,1.9825950071199716
39,12299,2.1626524118903525,2.177381852972588,2.084076851192595,2.066688545745817
40,12353,2.2429078408686367,2.2872074136703455,2.1436621128515485,2.1015319063723745
41,12425,1.9962675774296903,1.9785232734069065,1.8782206746173016,1.777317328230687
42,12849,3.59812210751157,3.458259166963332,1.8432104396582414,2.097649296902812
43,13063,2.6221631363474547,2.533808739765041,2.5625444998220006,2.3824870950516197
44,13375,2.9847421235315057,3.021543476326095,3.608379316482734,3.62939435742257
45,14099,2.0118369526521893,2.0407840868636526,1.901944642221431,1.9209015663937343
46,14585,3.542002269490922,4.404675818796725,3.981293387326451,3.2194675596297615
47,14647,3.427309540761837,3.143623175507298,3.5218549750800996,3.508327029191883
48,15086,3.7213532395870415,3.7690236739053042,3.2767833303666785,3.2309818885724457
49,15351,3.4558561765752938,3.29936142755429,3.4441749733001066,3.4482689569241725
50,15940,2.5084271537913847,2.617941215735137,3.730737139551442,3.743998086507654
51,15950,2.4344906995372018,2.450544010323959,2.626207057671769,2.5046557938768244
52,16268,2.100374911000356,2.099229040583838,2.0253370861516555,1.9742957903168388
53,16422,2.2827240566037736,2.2211363029547884,2.237756986472054,2.154698068707725
54,16807,1.965746262014952,1.9506496974012104,1.9397138661445354,1.893689925240299
55,16941,2.523507030971876,2.4750912246351016,3.01062989498042,2.952134878960484
56,17520,2.132765218939124,2.3550307048771804,3.1064101993592024,3.1876001245995016
57,17573,2.584432849768601,2.5295311943752226,2.4488585795656816,2.4027122641509435
58,17590,8.284292675329299,8.272344473122107,5.2886536578853685,5.075722009611962
59,17758,3.455205366678533,3.279019446422214,3.2751479619081523,3.0810174884300463
60,18036,1.9521682538269847,2.1806525898896405,3.8164493592025632,4.06684985760057
61,18120,4.802292853328587,4.321728150587398,4.260118147027412,4.387843761124955
62,18216,3.189079743681025,3.1274697401210396,2.652000266998932,2.7373843004627982
63,18617,2.742729841580634,2.7633888839444642,2.6492190281238877,2.6037847098611606
64,18639,2.510763394446422,2.57563300996796,3.067979040583838,2.9853984959060162
65,19114,2.827240566037736,2.8220118369526523,2.6229641331434674,2.5036601103595584
66,19150,2.7253637860448556,2.745077207191171,2.606059763260947,2.5558862139551444
67,19469,2.564502491990032,2.2031639373442506,3.793381763972944,3.7409053488786044
68,19656,3.31936409754361,3.205121929512282,3.4968182627269493,3.4777055891776434
69,19926,5.116044410822357,5.1000022249911,5.047714934140264,4.82563857244571
70,20362,2.196800462798149,2.1695109469562124,2.0667163581345673,2.08624065503738
71,20437,3.372736071555714,3.363569108223567,4.431965334638662,4.356727260590958
72,20520,3.2662257475970096,3.3283363741545036,3.1567061231755074,3.1236093805624776
73,20642,2.4153835884656463,2.4197111961552156,2.5562144001423994,2.5409064613741545
74,20774,4.389139818440726,4.52999288002848,4.163347721609114,3.715501512993948
75,21084,2.27938100747597,2.3112873798504805,2.510323958704165,2.4143489676041296
76,21252,5.754249733001068,5.627402990388038,6.23748998754005,6.60560364008544
77,21675,3.951128070487718,3.974178978284087,2.0489720541117835,2.0471809362762547
78,22667,3.397044099323603,3.366494971520114,3.033886614453542,3.00062299750801
79,22678,2.2281672748309007,2.195059407262371,1.9368325026699893,1.8175841046635814
80,23123,3.4820165094339623,3.496567951228195,2.7628604485582056,2.79686943752225
81,23290,1.9976136970452119,2.022066349234603,2.048187744749021,2.0440158864364544
82,23610,3.8487117301530795,3.856065325738697,3.6922726059095763,3.6502313990744035
83,23757,4.50877202741189,4.18748331256675,4.376729930580278,4.077546502313991
84,23975,2.3639696066215734,2.488936231755073,2.4620917141331433,2.4527022516909933
85,24221,3.5335973656105377,3.5656594873620504,3.094678933784265,3.9792797703809186
86,24570,2.4841803132787468,2.3742768778924885,2.501679868280527,2.605442328230687
87,24632,1.6456701673193308,1.6644602171591314,1.6558050017799928,1.6923171057315771
88,24792,1.9608846564613742,1.8985404058383766,1.8918821199715201,1.8452351815592738
89,24810,1.8268567550729797,1.8923604930580278,2.857884255962976,2.8419199448202206
90,26246,2.768317239231043,2.80124710751157,2.8184129138483445,2.784615299038804
91,26358,2.21189146493414,2.3440559362762547,2.127547614809541,2.109502936988252
92,26527,3.797803933784265,3.8300329298682807,2.955705989676041,3.0263939569241725
93,26678,2.812260813456746,2.8049072178711287,2.8367857778568886,2.925062299750801
94,27055,2.3683584015663937,2.3597921858312567,2.8299161178355288,2.8362128426486293
95,28005,2.6752347365610536,2.6410143734425064,2.7111516553933783,2.775175774296903
96,28415,2.338565770736917,2.3768356176575294,2.863824982200071,2.8492735404058385
97,28437,2.0752213866144533,2.018584238163047,2.083993414026344,1.874499377002492
98,28760,2.2360993681025274,2.2366111160555358,2.4450872196511213,2.4560119259522963
99,28915,3.131185475258099,3.278680135279459,2.763572445710217,2.7564858490566038
100,29717,2.298682805268779,2.3353284086863653,2.324698513705945,2.2592726504093985
101,29892,2.080500177999288,2.283296991812033,2.0544121573513707,2.114308917764329
102,30290,2.3163937344250622,2.302387415450338,1.982823068707725,1.760056959772161
103,30509,3.308689702741189,3.353923771804913,3.20687411000356,3.1301564168743323
104,30985,2.334933472766109,2.2706757297970808,3.0265497063011746,2.900815459238163
105,31051,2.84313256496974,2.844890307938768,2.7251023495906015,2.7189168743325025
106,31373,2.7849212353150588,3.1265686187255253,2.7177876913492347,2.718577563189747
107,31498,1.9635935831256675,1.8409186988252046,3.3378982734069065,3.352627714489142
108,31522,3.7092326005695977,3.7261759077963688,3.097004049483802,2.9167908953364186
109,31636,1.8468816749733001,1.8434885635457459,1.7966580633677465,1.7225992346030616
110,31695,5.954810430758277,3.924494927020292,5.251001245995016,4.854240833036668
111,31917,1.972426797792809,1.8707224546101815,1.8351114720541117,1.7035477483090067
112,32186,2.200938946244215,2.111572178711285,2.124555001779993,2.1278034887860446
113,32508,2.207129983980064,2.153318574225703,2.182126646493414,2.2575872196511213
114,32714,1.956000800996796,1.8977171591313635,1.8815581612673549,1.8985793431826272
115,33457,2.571989587041652,1.9832791918832324,3.719189435742257,3.642004494482022
116,33463,2.743425151299395,2.8243592025631896,3.5225836596653615,3.7239676041295833
117,33555,5.589639328942685,4.82683450516198,4.511074893200427,5.216730820576718
118,33594,4.000406060875757,3.6192094606621574,3.795790316838733,3.8917875578497685
119,33635,4.759077963688145,4.643689925240299,4.684034576361695,4.716052198291207
120,33794,2.855998576005696,3.0117145781416874,2.83374310252759,2.909793298326807
121,33862,2.3682193396226414,2.328681247775009,2.4608179067283733,1.9865165539337843
122,33990,1.8426764417942327,1.9239108668565326,2.014061943752225,1.9481910822356712
123,34235,3.0670334193663225,3.148501468494126,3.3494737896048417,3.22312766998932
124,34366,2.534181425774297,2.4864664916340335,3.0045222944108225,2.9433239142043433
125,34564,2.073697267710929,2.2068629850480597,1.834749911000356,1.7384634211463155
126,34754,1.7759489587041652,1.781811810252759,1.7343416251334995,1.6514495817016732
127,34760,2.6716636258454964,2.659860048059808,2.581668298326807,2.7051553043787826
128,34808,1.5054567906728373,1.5895169544321823,2.6344673371306513,2.6341558383766466
129,34935,3.325460573157707,3.1549817550729795,3.074754138483446,2.93750556247775
130,35465,2.226192595229619,2.2503559985760058,2.372330010679957,2.123798504805981
131,35644,2.427053666785333,2.3150364898540405,2.501123620505518,2.4821666963332145
132,36024,2.1744114898540405,2.183634077963688,2.0858457191171236,2.0725291473834107
133,36108,2.9304634656461372,2.7301141420434316,2.8347665984336063,2.8224846475614096
134,36608,2.251201495194019,2.080878426486294,2.865888661445354,2.865299038803845
135,36623,3.8050407173371306,3.830116367034532,2.8526722143111427,2.829009433962264
136,36908,2.985982556069776,2.9911556603773586,2.6225469473122107,2.4839633766464932
137,36910,1.9514618191527233,1.9192216981132075,2.18687144001424,2.1716525008899965
138,36942,4.8539126468494125,4.559001201495194,5.2245961641153436,5.48625511747953
139,37538,1.9506496974012104,1.9612962798148807,1.9279937255250978,1.8960094784620862
140,37798,1.7220262993948023,1.6944141598433606,1.7498943129227482,1.7198680580277679
141,38032,3.1458926664293343,3.1224857600569598,2.8066204610181558,2.7875189124243502
142,38227,2.1977182716269135,2.2115465913136347,1.9308361516553934,1.8502914738341047
143,38236,2.2260646582413672,2.4617913403346385,2.4024007653969384,2.4389239943040226
144,38491,2.120694642221431,2.1777767888928445,2.036322979708081,2.0899118903524387
145,38526,2.357261258454966,2.0132665094339623,3.7548282306870773,3.565381363474546
146,38760,1.867757653969384,1.877447490210039,1.8452908063367746,1.777562077251691
147,38988,4.59812766998932,4.304795968316126,3.734463999644001,3.686771315414738
148,39262,5.6758021092915625,5.71814368992524,5.105764951940192,5.077663314346743
149,39436,2.8527890263438946,2.7527423015307937,3.5726014595941615,3.4554111783552868
150,39737,2.577880250978996,2.891937744749021,3.139445754716981,2.0742868903524387
151,39872,1.4054601281594874,1.4522961908152368,2.092609692061232,2.0610259433962264
152,40043,3.1111160555357777,3.095874866500534,3.3011414204343184,3.574437077251691
153,40527,2.764512504449982,2.778007075471698,1.8522717159131363,1.9188323246707013
154,40693,3.1362751423994304,3.1088521270914917,2.543192639729441,2.493864587041652
155,40818,2.0945343093627624,2.181197712709149,2.0211819152723387,2.087130651477394
156,41235,2.6225803221787114,2.534626423994304,2.42999621751513,2.2472799483802066
157,41355,2.5035321733713065,2.501551931292275,2.4273373531505875,2.4275821021715913
158,41365,2.219317372730509,2.2745527767888927,2.2253526610893557,2.143350614097544
159,41388,2.648006407974368,2.668565325738697,2.668632075471698,2.6529792630829476
160,41604,4.296018378426487,4.34935141509434,4.423065370238519,4.391615121039516
161,42092,1.8012359825560698,1.836190592737629,2.0211819152723387,1.8868369526521893
162,42123,2.77561521003916,2.8484057938768244,3.267733179067284,3.1373375756496973
163,43660,2.3598311231755074,2.7462898273406906,3.9849479352082593,3.8390107689569244
164,44273,2.5490833036667855,2.5556581523673905,2.151316082235671,1.9427676664293343
165,44393,2.6202941438234246,2.7302754538981846,2.8241478284086865,2.531127625489498
166,44579,4.823029770380918,4.807065459238163,5.930279903880384,5.894835795656817
167,44618,1.8082892043431826,1.9485192684229262,1.8722020736917053,1.9021615788536845
168,45234,2.825922258810965,2.818835662157351,2.841758632965468,2.8711396404414384
169,45859,3.1972176486294055,3.2685397383410466,3.013689257742969,3.0115421413314345
170,46347,2.007620594517622,2.024563901744393,2.1334104663581344,2.1098589355642576
171,46458,2.912574537201851,2.9668976949092203,2.760062522249911,2.6348288981844075
172,46627,3.551558606265575,3.497880695977216,3.8845785866856533,3.8523829654681383
173,46670,2.413992969028124,2.3168387326450692,3.7585328408686367,3.6875222499110003
174,46996,9.24495483268067,8.899124466002135,9.84125244749021,9.544716758632966
175,47122,2.7782406995372018,2.7790305713777146,2.1439179868280527,2.2189113118547525
176,47571,3.9111004805980776,3.8852460840156637,3.4664026343894623,3.4499043253826986
177,47850,2.9242779903880383,3.1565225614097545,2.568301664293343,2.5207091046635814
178,48640,2.3285143734425064,2.317066794232823,3.259695398718405,3.2594172748309007
179,48697,2.202813501245995,2.2003548860804556,2.2226604218583126,2.099195665717337
180,49087,2.404486694553222,2.479124021003916,3.1012037201851195,3.0437210751156996
181,49353,2.3375422748309007,2.2676441794232822,2.066137860448558,2.1283263616945534
182,49420,2.833047792808829,2.7699581701673193,2.9138594695621216,2.705255428978284
183,49640,2.8764573691705233,2.924250177999288,2.851303844784621,2.971809362762549
184,49752,2.9089088643645424,2.848433606265575,2.528874822000712,2.5612261925952295
185,49832,1.888689257742969,1.8577841313634746,1.7652745639017444,1.796057315770737
186,49910,4.252313990744037,4.323346831612674,3.9350970096119617,3.3764128693485227
187,50521,2.725436098255607,3.1042074581701673,2.8912591224635102,2.773868592025632
188,50785,2.0920923816304735,2.176497419010324,2.02748976504094,1.9727772338910645
189,51569,4.246818262726949,4.472632609469562,3.717003381986472,3.8903969384122465
190,51940,2.9367824403702385,2.9634823335706657,3.4796635813456747,3.0292808828764684
191,52056,2.5080210929156284,2.578620060519758,2.7836474279102883,2.78562766998932
192,52111,2.9029236383054466,2.901555268778925,2.1287824848700607,2.1215846386614454
193,53015,2.541434896760413,2.7854162958348168,2.5581167675329297,2.732767443930224
194,53071,3.1408530615877535,3.1508321466714135,1.8553255161979352,1.8829265307938767
195,53126,3.4043531950872197,3.3575171324314703,3.461513216447134,3.4273707280170878
196,53683,3.887014951940192,7.758276966892132,7.02686120505518,6.653563323246707
197,53940,2.5465078764684943,2.617140218939124,2.8452018066927733,2.822239898540406
198,54784,2.1297225436098257,2.1030337753648984,2.165311276254895,2.1661456479174084
199,55075,3.4187766998932005,3.595040494838021,3.3395113919544324,3.400364898540406
200,55300,1.851999154503382,1.898245594517622,1.917130206479174,1.9213354396582414
201,56074,2.062127313990744,2.030899563901744,1.7106955322178712,1.6476504093983624
202,56458,3.3662835973656104,3.393673237807049,3.36251223745105,3.356749510501958
203,57400,4.248692817728729,4.216775320398718,4.33626846742613,2.586123843004628
204,57682,3.0879928355286577,4.733040005339979,4.357656194375222,4.554879405482378
205,57710,2.791751957992168,2.803433161267355,2.6742835528657887,2.6311632253470987
206,57874,4.652178266286935,4.849835350658597,5.952963688145247,5.9537869348522605
207,58479,2.2462342025631896,2.1767032306870773,2.5486494304022784,2.4704076183695265
208,58500,3.7423905304378784,3.7217759878960486,3.686331879672481,4.087264150943396
209,60047,3.016687433250267,3.01437344250623,2.743058027767889,2.747864008543966
210,61698,2.1737273050907797,2.2104619081523675,2.147544722321111,2.1272861783552868
211,61757,2.2444152723389106,2.374855375578498,2.2897717159131363,2.2082702919188324
212,61821,2.1714021893912423,2.199081078675685,2.1836563278746883,2.0397216536133858
213,61843,3.2639785065859734,2.866183472766109,2.94874733001068,2.8789048593805626
214,62266,2.5459794410822356,2.550685297258811,2.571110715557138,2.495694642221431
215,62463,3.473188857244571,3.2934207013171948,3.1953430936276255,2.98811854752581
216,62508,2.588443396226415,2.5682627269490923,2.5751156995372018,2.562677999288003
217,62718,4.0703375311498755,3.1288547970808116,3.894813545745817,3.7131541473834107
218,62748,3.583604040583838,3.51437344250623,3.663503470986116,3.535432983268067
219,62757,2.3958314791740833,2.277117079031684,2.9956779547881807,2.9586541028835884
220,63209,2.845941616233535,2.840067639729441,2.0640741812032752,2.066377046991812
221,63321,2.484497374510502,2.4991600658597366,2.6699615076539693,2.635985893556426
222,63522,2.2685230509077963,2.246362139551442,2.2655471253114987,2.2470240744037024
223,63721,2.2677109291562836,2.2736516553933783,2.342609692061232,2.27438033997864
224,64113,6.517199181203275,6.521949537201851,6.42003381986472,3.845863741545034
225,64132,2.2927643289426842,2.40625,2.867056781772873,2.8196978462086153
226,64176,2.166929957280171,2.2620260768956926,2.221125177999288,2.149513839444642
227,64402,2.426441794232823,2.451739943040228,2.156494749021004,2.0965534887860446
228,64409,1.928616723033108,1.9159008988964044,2.0405282128871485,1.883065592737629
229,64499,2.269579921680313,2.273807404770381,2.126585306158775,2.087425462798149
230,64543,2.2526533018867925,2.228545523317907,2.064263305446778,2.055062967248131
231,64745,3.0386480954076185,2.9482355820576718,2.7807326895692417,2.782423682805269
232,65364,3.4563401121395514,3.4363708170167317,2.580294366322535,2.552682226771093
233,65539,3.7798260056959774,3.743814524741901,2.7010279458882165,2.5355776076895693
234,65877,2.2236060430758275,2.1065270113919543,2.22186498754005,2.1512215201139195
235,65903,3.3304668031327873,3.3117768778924885,3.2530037379850483,3.2286734603061586
236,66556,4.7533708615165535,4.687433250266999,5.245199581701673,5.2203019312922745
237,66988,8.901677643289426,8.695554467782129,5.272216536133856,4.5301931292274835
238,67565,2.594945932716269,2.422064124243503,2.8151588643645424,2.842170256318975
239,67670,2.7218705500177998,2.6661678978284087,2.523240032039872,2.1912268600925597
240,67690,3.341180135279459,3.3362962798148805,2.788247597009612,2.5051174795300817
241,67922,3.559423949804201,3.479246395514418,4.224190103239587,4.273039782840868
242,67924,2.608935564257743,2.275798771804913,2.6395792541829834,2.5780805001779994
243,68158,1.911055980776077,1.9646782662869349,1.9807760768956924,1.9434629761480955
244,69170,6.2062566749733,6.076484069063723,4.4940926486294055,4.405315503737985
245,69518,2.9473010857956567,2.7971030615877535,2.87186276254895,2.929323157707369
246,70443,4.774486027055892,3.3691816482734067,4.554134033463866,4.1621573513705945
247,70465,2.2388472321110715,2.2427187166251334,2.1227138216447132,2.0764785065859734
248,70772,4.00434985760057,4.051942417230331,2.548604930580278,2.0515419188323247
249,70891,2.7321388839444642,2.4875233624065505,3.0449503826984694,2.8275910021359913
250,71297,2.1538303221787114,2.1570565592737627,3.6622407885368458,3.6672025186899253
251,71548,2.3999310252758987,2.374944375222499,2.0170434318262727,1.9222254360982556
252,71841,2.3363463421146315,2.1819430847276613,2.3839611516553934,2.3600313723745105
253,72058,3.467932315770737,3.307999955500178,3.071794900320399,3.2409164738341047
254,72190,1.9515341313634746,1.7932037646849412,1.864002981488074,1.861822490210039
255,72274,3.3305168654325383,3.206440236739053,3.217743191527234,3.2915238964044145
256,72828,1.9913614720541117,2.031044188323247,1.8491734158063369,1.929317595229619
257,72874,1.892310430758277,2.0175440548237806,1.82186721253115,1.9388906194375222
258,73657,3.2975313723745105,3.423955366678533,3.3225458348166605,2.9515285688857245
259,74090,3.046747063011748,3.034498487006052,3.2489041918832324,3.138578008187967
260,74159,2.4536367479530083,2.5487106176575294,2.553182849768601,2.4497875133499467
261,74199,3.004127358490566,3.089945265218939,2.9572912958348168,2.8779481132075473
262,74203,3.8932727394090425,3.8528446511213956,3.3650821021715913,3.7817116856532573
263,74402,2.2749977750089,2.2505117479530083,2.7279781505873975,2.6887181826272695
264,74684,2.4450482823068707,2.5821633588465644,2.554617969028124,2.5171936187255253
265,74728,3.051564168743325,2.947623709505162,3.0548571555713777,3.0037046101815594
266,74860,2.2099724101103595,1.996940637237451,3.894146048415806,3.8746328764684943
267,74990,3.110932493770025,3.2129594606621574,3.1979852705589176,3.1754016108935565
268,75561,2.3720351993592024,2.329738118547526,2.062611249555002,1.8785711107155572
269,75610,2.1463543520825916,2.2825238074047705,2.2452885813456747,2.095936053755785
270,75779,2.6997152011391954,2.7871017265930935,2.6605887326450692,2.515497063011748
271,75884,2.354307582769669,2.45999466002136,2.444269535421858,2.3806125400498397
272,75927,2.8866756407974368,2.9309084638661447,3.0912746974012104,3.0939113118547525
273,76113,2.5817127981488075,2.695387593449626,2.4014162068351728,2.3945076094695623
274,76362,5.290300151299395,4.490304601281595,4.649435964756141,4.975130161979352
275,76365,9.099968850124599,9.217604129583481,10.210456345674617,8.58376535243859
276,76844,3.6968060252758987,3.7787746974012104,3.6524730776076897,3.646498976504094
277,76891,2.1760468583125667,2.2727672214311143,2.7768667675329297,2.7177376290494837
278,77126,2.5559474012103953,2.4012215201139195,3.46811031505874,3.3696433339266645
279,77605,2.3137459950160197,2.421324314702741,2.280065192239231,2.296641375934496
280,78023,2.229952830188679,2.3554645781416874,2.2392310430758275,2.2102950338198646
281,78520,5.566532796368815,5.432232333570666,5.110709994660021,4.973405793876824
282,79430,2.927737851548594,3.141192372730509,2.758877714489142,2.7302865788536845
283,79750,2.4390074314702743,2.357617257030972,2.426069108223567,2.3691204610181558
284,80240,2.7436532128871485,2.674489364542542,2.7281005250979,2.699809763260947
285,80477,3.9047147561409754,3.8707836418654327,3.3323969829120683,3.3072100836596654
286,81308,1.9250956746173016,1.9448424706301175,1.82875355998576,1.8451962442150232
287,81471,3.1549205678177286,3.150058962264151,2.2123531505873975,2.1343449626201494
288,81509,2.7269769045923815,2.71376045745817,1.8411411979352084,1.8073213332146671
289,81788,3.821755962976148,3.832992168031328,3.227110404058384,3.243074715201139
290,81862,2.788547970808117,2.842437255250979,2.3944797970808116,2.3219117123531507
291,82139,2.438562433250267,2.502119304022784,2.458075605197579,2.2532095496618014
292,82320,4.324264640441438,4.335122597009612,3.0960473033107867,3.095880428978284
293,82421,2.0443663225347097,2.0451673193307225,1.9866111160555358,1.96312633499466
294,82876,3.433444953720185,3.6530738252046993,3.76437344250623,3.6959660911356353
295,82948,1.6123898629405482,1.5255262103951583,1.5335139284442862,1.4913948469206124
296,83010,1.8532173371306515,1.7343805624777502,1.6398240032039872,1.515313501245995
297,83825,2.1624021003915983,2.177387415450338,1.9868002402990388,1.9427009166963332
298,83903,2.053249599501602,2.1045467693129227,1.9540984336062657,1.8084171413314347
299,84258,5.499682938768245,5.522266598433606,5.242440592737629,5.027317328230687
300,84310,2.0597131986472053,2.048921991812033,1.954181870772517,1.8030271003915985
301,84331,2.6911489854040584,2.676297169811321,2.40124933250267,2.5512137326450692
302,84745,4.111371929512282,4.069753470986116,3.1386169455322177,2.7773673905304377
303,85042,2.6623965379138483,2.341986694553222,2.316922169811321,2.0359502936988254
304,85274,2.1870216269134923,2.0050952296190814,2.169794633321467,1.873815192239231
305,85326,2.320320843716625,2.2474857600569598,1.95187900498398,2.0213543520825916
306,85388,3.951934629761481,3.8772861783552868,4.066961107155572,3.776065770736917
307,85945,2.8832213421146315,2.9763372196511213,2.2609803310786756,2.0817239231043074
308,86088,3.008321466714133,2.941605108579566,2.712236338554646,2.6129906105375578
309,86445,3.9172303310786756,3.2267822178711287,8.71061765752937,8.628448736205055
310,86633,5.183978951584193,4.9873008632965465,6.760958081167676,6.730564702741189
311,87487,2.3140964311142755,2.201834505161979,2.516943307226771,2.5188456746173014
312,87556,2.196500088999644,2.181959772160911,2.8553978284086865,2.857789693841225
313,87594,3.569564346742613,3.2874021003915983,4.628254049483802,4.642393867924528
314,88163,5.494482022071912,5.399252402990388,3.6499922125311497,3.511931514773941
315,88177,4.24627870238519,4.000383810964756,4.272628159487362,3.619871395514418
316,88214,2.2436532128871485,2.338003960484158,2.303294099323603,2.3678410911356353
317,88562,2.75873865254539,2.7803433161267357,2.0123598255606976,2.060308383766465
318,88749,2.5544566571733713,2.647683784264863,3.029247508009968,2.9247063011747954
319,88843,2.610899118903524,2.6092748754004984,2.7438534620861517,2.7204354307582768
320,89506,2.0892221431114275,2.0616100035599856,1.878676797792809,1.8437778123887505
321,89801,4.0874977750089,4.023673905304379,1.3556703898184408,2.0815181114275543
322,90792,3.7530871751512995,3.7856944197223212,2.5748375756496973,2.490232289070844
323,90870,2.886136080455678,2.9195220719117123,2.328325249199003,2.1608056692773228
324,90892,2.3522049661801354,2.4848589355642576,2.7631663848344608,2.570070532217871
325,91086,3.288514595941616,3.3310453008187966,4.2406661623353505,4.1612673549305805
326,91113,3.5219662246351016,3.408892176931292,3.5136169455322177,3.414482467070132
327,91217,2.299428177287291,2.2998286756852973,2.4595830366678535,2.4083971164115345
328,92011,2.0431425774296903,1.9512281950872197,2.158825427198291,2.14375111249555
329,92035,4.958592915628338,5.103094962620149,5.102783463866144,4.985915806336775
330,92039,3.8247708259166964,3.7945999466002136,3.680174216803133,3.750127936988252
331,92047,2.6934073513705945,2.563267621929512,3.244698958704165,3.079448869704521
332,92145,2.6632920968316127,2.5222387860448556,2.8345329743681025,2.8187244126023496
333,92239,1.8870316393734425,1.8711452029191884,2.0053455411178356,1.9488307671769314
334,92639,2.7121584638661447,2.8287591224635102,2.8031327874688503,2.8393667675329297
335,92664,3.113302109291563,3.0149575026699895,3.4957391420434316,3.4067172481310073
336,92773,2.863185297258811,2.8666340334638662,2.686315192239231,2.6333381541473835
337,93040,2.196183027767889,2.0959138038447844,2.5272283285866854,2.4529692506229974
338,93366,2.8152812388750443,2.787635724457102,2.3278190637237453,2.2911178355286577
339,93591,1.6327374065503737,1.783869927020292,2.47186498754005,2.4464110893556428
340,94280,3.162941660733357,3.1649664026343896,3.0150798771804914,3.0000166874332503
341,94320,1.706996484514062,1.6611727928088287,1.7156016375934495,1.6677643289426842
342,94377,2.6430836151655392,2.585979218583126,2.015057627269491,2.0077262815948735
343,94465,3.5607200071199716,5.447623709505162,4.411339667141331,4.35815125489498
344,94703,3.1904481132075473,3.036623353506586,2.8129672481310073,2.7172147561409754
345,94850,2.0388872819508723,1.954938367746529,1.8954754805980776,1.808244704521182
346,94954,3.632359158063368,3.5778468761124955,2.193424038803845,2.0385424083303665
347,95139,4.226198157707369,4.07127202741189,4.173532618369527,3.8894012548949806
348,95259,3.192105731577074,3.0814012993948023,2.624071066215735,2.48372975258099
349,95290,2.0425251423994304,2.026994704521182,1.887181826272695,1.8498909754360982
350,95826,2.353478773584906,2.101131407974368,3.9357311320754715,3.8866033285866854
351,96057,5.963816082235671,4.906722810608757,5.012793698825205,6.168810074759701
352,96919,2.094428622285511,1.9173415806336775,1.8608601815592738,1.987439925240299
353,97056,2.7863396671413314,2.5115421413314345,2.6117056781772874,2.6276477394090425
354,97287,2.106120950516198,2.1358579565681737,2.173693930224279,2.1728929334282663
355,97516,2.5305936276254895,2.193451851192595,2.4142043431826274,2.2909620861516555
356,98410,2.7949670701317193,2.832057671769313,2.6451806692773228,2.652111516553934
357,98649,3.032418120327519,3.067072356710573,2.597560297258811,2.6221686988252046
358,98903,2.2960684407262373,2.29749243503026,1.8505195354218582,1.8374810875756498
359,98940,1.3054690281238874,1.144435297258811,2.154503381986472,2.1629805980776076
360,99173,2.3246428889284445,2.221748175507298,2.269168298326807,2.2496440014239942
361,99855,3.1379494482022072,2.887749199003204,3.5600803221787114,3.500728684585262
362,100665,2.7352872463510147,2.716608446066216,1.8778980509077963,1.6981743948024208
363,100748,4.547347810608757,4.200772071911713,4.291779770380918,5.049789738341047
364,101638,2.483379316482734,2.4449648451406194,2.4265474813100747,2.420818129227483
365,101797,2.7656694998220006,2.767938990744037,2.32876468494126,2.2481087575649696
366,101960,7.436637815948736,7.35252202741189,7.70561142755429,8.292842203631185
367,102233,2.788492346030616,2.7634611961552156,2.0441605108579566,2.0526377269490923
368,102912,1.740504850480598,1.76249888750445,1.960873531505874,1.9068729975080099
369,103390,4.225986783552866,4.263945131719473,3.703380873976504,3.718877936988252
370,103622,4.114531416874333,4.127347365610538,2.5078709060163757,2.3713788269846923
371,104088,2.8493625400498397,2.7046936187255253,2.6952151566393736,2.067756541473834
372,105730,2.993936899252403,2.998564880740477,3.1753793609825562,3.138077385190459
373,106020,5.323224457102172,5.345062744749021,3.886074893200427,3.9352916963332145
374,106284,2.8101693218227126,2.8639918565325737,2.627725614097544,2.513071822712709
375,106694,3.9151610893556428,3.0499733001067995,3.7729174083303665,3.8115877536489853
376,106736,2.3371028390886437,2.361199492702029,2.365766286934852,2.230420078319687
377,106947,4.6195877091491635,4.802626601993592,4.672064124243503,4.63311565503738
378,107203,4.712948335706657,4.734775498398006,2.90499844250623,2.8658608490566038
379,107946,2.659676486294055,3.346508988964044,3.924923237807049,4.028040450338199
380,108442,3.167569642221431,3.1061042630829476,3.09561899252403,3.0179111783552868
381,108935,2.838799394802421,2.956946422214311,2.5614320042719827,2.513249822000712
382,110468,3.3336819152723387,3.274508276966892,3.0106020825916695,3.3921435564257743
383,110554,2.0946733713065147,2.783819864720541,2.5697034086863653,2.5336474279102883
384,110575,2.799506051975792,2.7533263616945534,2.543070265218939,2.4937310875756498
385,110792,2.3385768956924173,2.395113919544322,2.608384878960484,2.383249154503382
386,110882,3.7859725436098257,3.770375355998576,2.7257976593093627,2.5181058650765396
387,111144,2.5834816660733355,2.613074047703809,2.4991322534709863,2.4545434318262727
388,111789,2.000795434318263,2.045551130295479,2.1962164026343896,2.201678755784977
389,112151,4.642938990744037,4.600552910288359,4.341953319686721,4.428694597721609
390,112208,3.490766286934852,3.5178444286222854,3.582174483802065,3.6385557582769668
391,113249,2.129455544677821,2.135763394446422,1.6367034531861873,1.6369593271626914
392,114211,2.36124399252403,2.31001357244571,3.489937477750089,3.47437366500534
393,114498,2.315142176931292,2.3187132876468493,2.245989453542186,2.141559496262015
394,114932,2.991700783196867,2.734491812032752,3.1250278123887503,3.170684629761481
395,115242,3.138188634745461,3.1008977839088643,3.0843549750800996,3.0722176486294055
396,115750,4.674261302954788,4.702073691705233,3.5895725792096833,3.3166551708793164
397,116659,1.6052476415094339,1.7012003826984692,2.108941126735493,2.0980275453898183
398,117337,3.267855553577786,2.9323491456034176,2.864253292986828,2.838677020291919
399,117370,4.190197801708793,4.156322312210751,2.92874466002136,2.855442328230687
400,118593,1.7951395069419722,1.774491589533642,1.6305791651833392,1.5762671324314703
401,118878,2.935497508009968,2.7636614453542188,5.662441037735849,5.579226370594518
402,118889,2.6176019045923815,3.3548972054111785,3.5123987629049482,3.2909008988964046
403,119049,2.3954643556425776,2.4318318351726593,2.4012215201139195,2.3993191527233892
404,119420,2.6697278835884655,2.656500311498754,2.1983357066571734,2.452251690993236
405,119458,4.165661712353151,3.909887860448558,5.031272249911001,4.943095852616589
406,119459,3.1827997063011746,2.799511614453542,4.6736994927020294,4.556620461018156
407,119831,6.419577696689213,6.412424350302599,5.625767621929512,4.104630206479174
408,119839,2.0232010946956214,1.786128292986828,1.7875467248131007,1.5987117301530793
409,119944,3.742885590957636,4.269451984692061,5.264807315770737,5.229863830544677
410,119990,2.1075950071199716,2.087125088999644,2.0175496173015306,1.9123631630473479
411,120339,1.7999176753292987,1.7609469562121751,1.6662068351726593,1.598811854752581
412,120503,2.2442372730509077,2.208047792808829,3.4159954610181558,3.407451495194019
413,120707,6.495355331078676,6.598049795300819,4.015480375578497,4.240527100391598
414,120711,4.17125756496974,4.281539248843004,4.122613697045212,4.1393567550729795
415,120770,2.4072901833392666,3.455672614809541,3.357239008543966,3.361310742257031
416,120846,3.2525086774652903,3.2740354663581344,2.5446611338554646,2.6176853417586328
417,120849,4.353328586685653,4.467793253826985,5.4254572356710575,5.105670389818441
418,120857,2.680524652901388,2.675451673193307,2.174255740477038,2.163486783552866
419,121181,4.093572000711998,4.082447045211819,2.2947111961552156,2.0507075471698113
420,121876,2.01624799750801,2.016392621929512,2.143673237807049,2.1515942061231756
421,121922,9.29750912246351,9.140213376646493,5.504794855820577,8.999977750089
422,122559,1.9550273673905305,1.9643612050551797,2.0028980509077963,1.903930446778213
423,122691,1.8576617568529725,1.8266787557849768,2.2291407084371664,2.2424016553933783
424,122868,2.5682293520825916,2.587675774296903,2.385168209327163,2.24125578497686
425,123022,1.4942984603061589,1.515313501245995,1.2469461997152012,1.070248531505874
426,123124,2.0860904681381274,2.0843994749021,2.7404826005695977,2.731738385546458
427,123352,6.227622152011392,6.099874288002848,4.994504271982912,5.1673527055891775
428,123659,4.64059718761125,4.869771270914916,4.280421190815237,4.721125177999288
429,123683,3.324442639729441,3.4257131096475613,3.3145191794232822,3.2935486383054466
430,123719,2.3976114720541117,2.358440503737985,2.349701851192595,2.329120683517266
431,124153,8.288242034531862,5.017404992880029,7.369404147383411,7.262649074403702
432,124276,3.2475525097899607,3.191126735493058,4.395469918120328,4.297915183339267
433,124419,2.952796813812745,3.01751067995728,3.092253693485226,2.4588988519045922
434,125307,1.8356343449626202,1.761319642221431,1.9930580277678889,1.8876601993592026
435,125575,1.8712953898184408,1.9759700961196156,2.176564168743325,2.1484069063723745
436,125617,6.130106354574582,5.6187922748309,4.3142132431470275,4.132720719117123
437,125910,4.421591313634745,4.322568084727661,4.074064391242435,4.13125778746885
438,127188,2.868642087931648,2.7964633766464932,1.8614720541117835,1.8234580811676753
439,127399,2.361811365254539,2.5465857511569956,2.81126512993948,2.821299839800641
440,127547,3.8984069063723745,3.869059273762905,3.890191126735493,3.869687833748665
441,127900,2.60562032751869,2.5894001423994304,2.2717326005695977,2.12562855998576
442,127906,2.971453364186543,2.9010768956924173,3.5836707903168388,3.59124688501246
443,127991,3.8977004716981134,3.5613708170167317,4.1062766998932005,4.099356977572089
444,128125,3.1704176308294767,3.1682816393734425,3.1017321555713777,3.0906294499822002
445,128261,2.3452073691705233,2.0223389106443572,2.102399652901388,2.1362195176219294
446,128326,1.6555546902812388,1.677059229263083,1.658502803488786,1.5985170434318263
447,129844,2.6883899964400144,2.5595518867924527,2.6646493414026344,2.5420189569241725
448,129998,2.2822679334282663,2.263989631541474,2.325922258810965,2.2599067728729083
449,130567,2.964110893556426,2.960361783552866,3.0141676308294767,2.4797136436454252
450,130710,4.22437366500534,4.1944586596653615,3.898301219295123,3.5552743414026344
451,130899,2.859319375222499,2.8077997063011746,2.1449526076895693,2.0432037646849412
452,130909,2.255100792096832,2.2608301441794234,2.3242813278746883,2.248008632965468
453,130935,3.507559407262371,3.5740310163759346,1.8783207992168032,1.7836029280882877
454,131330,1.9908385991456035,1.9347131986472055,2.38561877002492,2.327446377714489
455,131462,2.428249599501602,2.252942550729797,2.3939569241723033,2.1555825026699895
456,131528,2.7303533285866854,2.721631363474546,2.2797091936632254,2.2231610448558206
457,131828,2.998820754716981,2.864453542185831,2.980242079031684,2.9854485582057673
458,132043,1.939063056247775,1.895252981488074,2.0027923638305447,1.9360982556069777
459,132352,2.2287791473834107,2.173432493770025,2.810948068707725,2.613691482734069
460,132371,2.00562922748309,1.9565904236383054,2.0020970541117835,1.9417886703453187
461,132452,2.630256541473834,2.81874666251335,3.2902334015663937,3.2356209950160197
462,133107,2.2371395514417944,2.035121484514062,2.8596809362762547,2.764239943040228
463,133265,1.6703397561409754,1.6787279725881097,2.4166017710929157,2.429584594161623
464,133310,4.524191215735137,4.2861060430758275,4.3843394001424,4.693368414026344
465,133698,2.771365477038092,2.7313378871484515,3.3011747953008186,3.3077941438234246
466,134870,4.134433962264151,4.056826272694909,3.4661022605909575,3.565370238519046
467,135724,1.7845763616945531,1.765686187255251,1.7114854040583838,1.7071021715913137
468,136055,4.484936810252759,4.441949982200071,3.0510412958348168,3.040895336418654
469,136193,2.4568462976148093,2.3812188501245997,2.37563968494126,2.3255996351014594
470,136393,2.571566838732645,2.4927687789248845,2.130445665717337,2.3754171858312567
471,137085,1.8620783641865433,1.8403402011391954,1.9508332591669633,1.8949637326450695
472,137344,2.161740165539338,2.1497252135991456,2.133822089711641,2.12564524741901
473,137986,1.868302776788893,1.799617301530794,2.1673415806336775,2.0810898006407976
474,138071,2.9766209060163757,2.9717593004627982,2.8007854218583126,2.797937433250267
475,138097,2.338437833748665,2.278997196511214,2.431431336774653,2.3636581078675687
476,138137,2.6354518956924173,2.5664437967248133,2.3688033997864006,2.3004627981488075
477,138206,3.1220185119259525,3.077796813812745,3.3692928978284087,3.3329699181203276
478,138705,2.558622953008188,2.5144123798504805,3.257131096475614,3.2282284620861517
479,139145,3.096620238519046,3.0809229263082947,3.413442283730865,3.406567061231755
480,139147,2.8654102883588464,2.6337108401566396,2.749794188323247,2.716486071555714
481,139236,3.2375066749733,3.2243458526165893,2.023484781060876,2.020492168031328
482,139301,2.3141631808472765,2.2592170256318975,2.7592170256318975,2.7822790583837667
483,139636,1.8898240032039872,1.8546357689569242,1.799250177999288,1.777690014239943
484,139662,2.436949314702741,2.367373843004628,2.128637860448558,2.1398406906372376
485,139714,1.727188278746885,1.5861349679601282,2.655988563545746,2.5605920701317193
486,140428,2.393500800996796,2.1161667853328585,2.4044088198647207,2.338059585261659
487,140702,3.2431025275898895,3.217437255250979,2.4226537468850124,2.2566582858668567
488,140713,3.254922792808829,3.2836585528657887,6.127080366678533,6.089867390530438
489,141441,2.3934229263082947,2.344940370238519,2.1015319063723745,2.0558528390886437
490,141643,3.2702863563545748,3.279575694197223,3.115315726237095,2.9989598166607334
491,141764,2.3139518066927733,2.0690470363118547,3.800334861160555,3.667069019223923
492,141853,2.1979797080811676,1.905437878248487,2.4459271537913847,2.3347332235671057
493,142368,2.4469673371306513,2.2382297970808116,2.586630028479886,2.645725792096832
494,142716,2.008382653969384,1.9048204432182272,1.9669143823424706,1.7740187789248842
495,142744,2.7678054912780348,2.7532651744393024,2.8875934496262015,2.8915316838732643
496,143041,2.688501245995016,2.7381074225703097,2.751490744037024,1.7646515663937343
497,143141,4.346725925596298,3.1217014506941974,4.125372686009256,3.8304056158775364
498,143161,3.498064257742969,3.377569864720541,3.621807137771449,3.6589867390530437
499,143178,2.264440192239231,2.1810364008543965,1.9393467426130295,1.8520158419366322
500,143464,8.610637682449271,4.62377625489498,8.150848834104664,7.541924394802421
501,143948,3.3262226326094697,2.9167018956924173,2.9321155215379138,3.1045300818796724
502,143964,2.189491367034532,2.2478417586329655,2.094484247063012,2.070765841936632
503,144020,2.0287079476682095,1.8907028746885013,3.2405159754360984,3.2495271893912423
504,144193,1.6471664738341047,1.612378737985048,1.6789560341758634,1.6535243859024564
505,144438,1.8587520024919901,1.808567328230687,1.7156183250266999,1.812383187967248
506,144512,1.893500800996796,1.8863252046991812,1.8594139373442506,1.8236360804556782
507,145398,3.785699982200071,3.6232088821644712,3.4493536400854397,3.2049828675685297
508,145585,2.807043209327163,2.6603384211463155,2.5708381541473835,2.183867702029192
509,148621,3.2895881541473835,3.267182493770025,3.972415672837309,3.922753871484514
510,149104,1.9408486116055537,1.9106554823780706,2.47625934496262,2.4387237451050194
511,149983,5.424878737985048,4.241339222143111,5.409537424350303,5.3990688412246355
512,150009,4.231360137059451,4.144585484158063,3.6924116678533285,3.5818407351370594
513,150069,4.883810964756141,4.471775987896049,4.781188812744749,4.1393567550729795
514,150159,3.844044811320755,3.786729040583838,3.3462642399430402,3.5628448736205054
515,150230,3.614915227839089,3.6055257653969384,3.127375177999288,3.0941449359202564
516,150353,2.774680713777145,2.830249866500534,2.2649074403702385,2.2687566749733
517,152139,5.758054467782129,6.388183072267711,8.089889640441438,8.112017176931293
518,152445,3.30561921502314,3.4236661178355288,3.1489130918476325,2.9515897561409754
519,152625,2.876290494838021,2.6417319330722675,2.926358357066572,2.806809585261659
520,152926,2.40812455500178,2.459132475970096,2.912585662157351,2.9398863029547884
521,153082,2.7640285688857245,2.738919544321823,2.4768489676041296,2.4930914026343896
522,153235,5.035049172303311,5.065220051619794,2.149002091491634,1.9305747152011392
523,153430,2.305819464222143,2.2568474101103595,2.6297392310430756,2.5730353328586686
524,153508,5.422653746885013,4.298087620149519,5.089839578141688,5.085600970096119
525,153559,2.112873798504806,2.117446155215379,1.998809629761481,1.947746084015664
526,153718,1.4874176753292987,1.4753359736561054,2.2072078586685655,2.202924750800997
527,153910,3.121000578497686,3.1829443307226772,3.2815281238875045,3.172803933784265
528,154158,2.293493013527946,2.4370271893912423,2.924806425774297,2.890574937700249
529,154557,1.7620093894624422,1.7573257831968672,1.6375767621929511,1.6184418387326451
530,154626,2.9420222944108225,2.676680980776077,4.598288981844073,4.49124466002136
531,154717,2.065581612673549,2.139918565325739,2.0827807938768244,2.0644691171235316
532,155014,3.277245016019936,3.342960128159487,2.7126980242079033,2.558928889284443
533,155172,2.0038603595585616,1.9808205767176932,1.8303611160555358,1.772822846208615
534,155299,2.898006407974368,2.4244726771092915,2.6596931737273053,2.5975936721253117
535,155335,2.969690058739765,3.5108968939124243,7.273913091847633,7.044694508721965
536,155530,2.6919166073335705,2.651388394446422,1.853189524741901,1.815876423994304
537,155598,5.850124599501602,5.747563634745461,6.079103996084016,5.3531116500534
538,155861,2.632309095763617,2.5859736561053754,3.325955633677465,3.2396482289070843
539,155915,2.965813011747953,3.268256051975792,3.442750978996084,3.36436454254183
540,156237,3.2788970719117123,3.5272728284086865,3.0128548860804556,2.9747741634033464
541,156390,1.8644869170523317,1.9383566215735137,1.8684251512993948,1.762682449270203
542,156527,2.3492735404058385,2.520442105731577,2.3555869526521893,2.286200605197579
543,156838,1.58499466002136,1.6335662157351372,1.6710740032039872,1.5477093716625134
544,156909,3.6851748843004626,3.7574759700961198,4.419850258098967,4.2915127714489145
545,157036,2.9489086418654327,2.978801397294411,3.625261436454254,3.654520069419722
546,157384,3.7932872018511925,3.8332702919188324,3.988919544321823,4.047937433250267
547,157709,2.81249443752225,2.773011970452118,2.518233802064792,2.4251735493058026
548,157761,4.735526432894268,3.9542764328942686,4.911934852260591,4.377058116767533
549,158303,2.7344528746885013,2.5095730242079033,2.405426753292987,2.5054178533285865
550,158459,2.860698869704521,2.8335317283730865,2.3163937344250622,2.3598366856532573
551,158977,2.2636169455322177,2.342937878248487,2.191021048415806,2.2103562210751155
552,159107,2.4057215646137418,2.3622674884300463,2.4873564880740475,2.414198780704877
553,159395,3.097237673549306,3.9463499021003914,3.4694174973300105,3.5730353328586686
554,159596,1.9064724991100035,1.8978951584193664,2.2509178088287647,1.9096375489498043
555,160964,2.7383243592025632,2.7850936721253117,2.6752736739053042,2.511558828764685
556,161259,2.522566972232111,2.6060820131719473,2.320120594517622,2.3085840156639374
557,161366,4.325994571021716,5.156939747241011,4.632609469562122,4.799628426486294
558,161502,2.48812411000356,2.443513038447846,2.013077385190459,1.7597065236739053
559,161783,2.7176208170167317,2.819124911000356,2.787135101459594,2.5470140619437522
560,161847,1.5352382965468139,1.5912858223567106,1.5493169277322891,1.4936142755428978
561,162667,2.203864809540762,2.1805135279458883,2.3566438234247062,2.327574314702741
562,162729,2.8810797881808474,2.851131407974368,2.851431781772873,2.8307282395870415
563,162741,4.163826094695621,4.1757409220363115,3.1529625756496973,3.033057805268779
564,162802,5.1697668209327166,5.1228528835884655,3.127998175507298,3.4783786489854043
565,162830,3.146165227839089,3.489180980776077,2.8902356265574936,2.9639829565681737
566,163291,2.5515307938768244,2.7764773940904237,2.5932938768244926,2.5349546101815594
567,163292,3.7792920078319687,3.8013416696333215,2.628938234247063,2.6150987896048417
568,163344,1.891681870772517,1.9438467871128515,2.180574715201139,2.1939914115343537
569,163517,2.350063412246351,2.371445576717693,1.714005206479174,1.2128370861516553
570,163626,2.647071911712353,2.6379494482022072,2.3383488341046634,2.329560119259523
571,164101,1.7825238074047705,1.7170311943752226,1.7558350391598434,1.6678922659309363
572,164189,3.1878448736205054,2.730375578497686,3.3180791651833395,3.2023462531149876
573,164219,4.137932760768957,4.206974234603061,4.32562744749021,3.780371128515486
574,164712,3.009823335706657,2.841925507297971,2.8907306870772516,2.5245416518333927
575,164767,5.66815370238519,5.508844339622642,4.877308428266287,4.699420389818441
576,164868,2.6061598878604486,2.5194631096475613,3.432638394446422,3.3261614453542188
577,165047,3.697640396938412,3.718989186543254,3.0843605375578496,2.855119704521182
578,165101,2.6168287201851195,2.5548627180491277,2.649002091491634,2.5583448291206836
579,165128,6.450822134211463,3.253999421502314,5.694647783908865,4.52563745995016
580,165276,3.06939190993236,3.103445398718405,3.4964733891064435,3.6789782840868637
581,167050,6.150848834104663,13.232016509433961,13.222026299394802,11.351042408330366
582,167225,2.0229952830188678,2.0351659843360626,2.091441571733713,1.942122419010324
583,167639,2.87936654503382,2.8672848433606264,2.935358446066216,2.903318574225703
584,167927,3.0677899163403346,3.1201105820576718,2.403173949804201,2.41938300996796
585,168938,7.198057582769669,7.0652033641865435,7.197623709505162,4.273807404770381
586,169702,3.42249243503026,3.4019780170879317,3.500250311498754,3.3376368369526523
587,170068,5.0428978284086865,5.063534620861517,4.735687744749021,4.304273095407618
588,170149,1.9235270558917765,1.8937900498398006,2.6292664204343184,2.728334149163403
589,170272,2.4737284175863294,2.3248987629049482,2.079615744037024,1.9771660288358845
590,171325,1.5973266731933071,1.7070743592025632,2.1223244482022072,2.0903402011391954
591,172373,2.414577029191883,2.3389607066571734,2.2753704610181558,2.1563556870772516
592,172575,2.7490766286934853,2.7447045211819154,2.5660321733713065,2.5889050818796724
593,172579,3.2456501423994304,3.0567928978284087,3.4870561142755427,3.2001768867924527
594,172625,3.702006941972232,3.6540361338554646,2.952184941260235,2.9695843716625134
595,172906,1.9493425151299395,1.81687766998932,2.6539137593449627,2.590190014239943
596,172958,2.1919666696333215,2.20688523495906,2.226426219295123,2.0470251868992526
597,173441,2.259873398006408,2.3378482111071555,2.2151622018511925,2.277005829476682
598,173621,4.071283152367391,4.276416206835172,4.4554445532217875,4.446511213955144
599,174580,3.170439880740477,3.178305224279103,2.461440904236383,2.516620683517266
600,174734,3.476759967960128,3.476014595941616,2.6927621039515843,2.6873665005339977
601,174861,3.0779859380562478,3.044811320754717,3.3286645603417586,3.2149675151299393
602,175337,2.37311432004272,2.3734591936632254,2.168387326450694,2.2223989854040584
603,175547,2.7674272427910287,2.4833626290494837,2.8403012637949447,2.7642733179067283
604,175613,1.871940637237451,1.8784598611605554,2.7019012548949806,2.674077741189035
605,175907,3.288865032039872,3.2571366589533643,2.3812855998576006,2.48188857244571
606,175961,2.503076050195799,2.657312433250267,2.5540895336418656,2.337831523673905
607,176047,2.895937166251335,2.877436365254539,2.7930257653969384,2.676514106443574
608,176386,3.1350458348166605,3.1631474724101105,2.630061854752581,2.6433673015307937
609,176600,1.8699548326806692,1.9229541206835172,1.9608624065503737,1.8707725169099323
610,176634,3.4107778568885725,3.3176731043075827,3.5321733713065147,3.530927376290495
611,176735,2.8169722321110715,2.8114097543609824,2.598822979708081,2.5695977216091137
612,176839,3.0461296279814882,3.3092348255606976,3.3938957369170524,3.33126223745105
613,177091,2.5559140263438946,2.5460906906372376,2.455238741545034,2.3077107066571734
614,177302,4.147934095763617,4.12001045745817,4.287441037735849,4.102811276254895
615,178248,3.2992724279102883,3.3034554111783554,3.413497908508366,3.1538414471342113
616,178433,3.0804612406550373,3.1405471253114987,3.047809496262015,2.7220262993948023
617,178531,2.6637204076183694,2.4848533730865077,2.9288392221431114,2.8221508988964046
618,179088,2.375294811320755,2.205383365966536,2.277183828764685,2.283436053755785
619,179403,3.872068574225703,3.690309051263795,4.973327919188323,4.8330422303310785
620,179554,2.0241522783908863,2.0353662335350657,2.1232811943752226,2.0843772249911
621,179677,3.8877881363474547,3.8957981043075827,3.774452652189391,3.4041807582769668
622,181012,2.778696822712709,2.77561521003916,3.3128448736205054,3.322145336418654
623,181080,2.008238029547882,1.9592214756140975,1.7920968316126735,1.768500800996796
624,181277,3.7051553043787826,3.6893912424350304,2.615855286578854,2.5700204699181204
625,181424,2.7917630829476683,2.9617079031683873,2.908680802776789,2.8674739676041296
626,181441,2.109230375578498,2.0393545300818796,3.044750133499466,3.1486127180491277
627,181537,3.1445966091135635,3.166134522961908,3.1893578675685297,3.1871106265574936
628,181996,2.227683339266643,2.372274385902456,3.7318329476682095,3.859725436098256
629,182067,4.496189702741189,4.604758143467426,3.0553466536133858,2.6633365966536133
630,182329,2.5316560608757563,2.7022572534709863,2.630334416162335,2.624126690993236
631,183388,2.519006986472054,2.53561654503382,3.1121061765752938,3.0560920256318975
632,183473,2.9484636436454252,2.959054601281595,2.7813556870772516,2.717431692773229
633,183591,2.860999243503026,2.852944775720897,2.902751201495194,2.846436676753293
634,183892,2.3566382609469563,2.333364854040584,3.333375978996084,3.4135312833748666
635,184319,2.992635279458882,3.019146048415806,3.036762415450338,2.9285388483446066
636,184785,2.0497285510857957,2.012370950516198,2.177176041295835,2.176808917764329
637,185012,5.3194586596653615,5.080872864008544,3.6983468316126737,4.568385101459594
638,185218,2.07126646493414,1.8653324136703453,2.6222354485582056,2.592954565681737
639,185226,3.5127046991812034,3.5420523317906727,2.78812522249911,2.7607912068351728
640,185235,5.522639284442862,5.2729174083303665,4.269774608401566,5.357439257742969
641,185496,3.400325961196155,3.0967815503737985,4.148851904592382,4.0908241367034535
642,185529,2.826078008187967,2.8164660466358136,2.7007053221787114,2.7556737273050906
643,185575,2.4645169544321823,2.421318752224991,3.2437867123531507,3.2347198736205054
644,185780,2.9385958081167676,3.166746395514418,3.1710906906372376,3.156483624065504
645,186109,2.3002069241723033,2.2269713421146315,2.017176931292275,2.273195532217871
646,186217,1.508315904236383,1.5105186454254182,1.8257609469562122,1.904559006763973
647,186369,2.1156494749021,2.186126067995728,2.297698246707013,2.2459783285866854
648,186607,1.7582213421146315,1.7450382698469207,1.732177821288715,1.6957658419366322
649,186610,1.6200493948024208,1.6611116055535777,1.6729151833392666,1.5766620683517265
650,186669,2.116189035243859,2.048983179067284,2.1367368280526877,1.9236049305802776
651,186712,2.1498976504093985,2.3386658953364186,2.4710417408330367,2.394179423282307
652,186716,3.1511325204699183,3.181370149519402,2.161328542185831,2.1987195176219294
653,187029,3.4522183161267357,3.4744682271270917,1.8046624688501245,1.7806993147027412
654,187277,3.756797347810609,3.8822757208971166,2.9991545033819866,3.8130896226415096
655,187351,2.974501601993592,3.0213599145603416,2.8480331078675687,2.8092070131719473
656,187642,1.9722432360270559,2.009567461730153,1.830822801708793,1.7481532573869705
657,187678,2.514245505517978,2.566009923460306,3.0917141331434674,3.044232823068708
658,187681,2.594801308294767,2.6426052420790316,2.4615243414026344,2.332374733001068
659,187746,1.5134834460662157,1.5678622285510857,1.6147038536845852,1.3955978551085795
660,187866,3.2156405749377,2.885062522249911,3.8964489142043433,3.7619037023851907
661,188059,2.4016553933784266,2.353005962976148,2.0352216091135635,2.1080121929512283
662,188386,2.692445042719829,2.7059284887860446,2.817122419010324,2.7020792541829834
663,188473,4.13688701495194,4.042102394090423,3.7817617479530083,3.738496796012816
664,188794,2.072289960840157,2.0574158953364186,1.932677331790673,1.923999866500534
665,188825,3.00624666251335,2.910149296902812,2.96810475258099,2.9998331256674975
666,189303,2.7564024118903525,2.7448880829476683,3.2010835706657175,3.1865988786044857
667,189555,3.3281639373442506,2.3390441438234246,3.122925195799217,3.067311543253827
668,190256,1.8371529013883945,1.9119126023495907,1.8359736561053757,1.7030860626557494
669,190449,1.7722665984336063,1.9335339533641867,1.962369838020648,1.9438245372018512
670,190538,2.204688056247775,2.2399541651833395,2.0406394624421504,1.9842248131007476
671,191013,3.319558784264863,3.31375155749377,2.7140830811676753,2.6837787023851907
672,191542,2.165250088999644,2.1691660733357065,3.028669010323959,2.944797970808117
673,192188,3.4053822534709863,3.4520959416162333,2.038431158775365,2.043570888216447
674,193438,2.499059941260235,2.271754850480598,2.894134923460306,2.878070487718049
675,193524,1.9545156194375222,2.071705900676397,1.987629049483802,1.914560341758633
676,193551,1.9108001067995728,1.9314591491634034,1.7175262548949803,1.6885457458170168
677,193746,2.697056336774653,2.496017265930936,2.696672525809897,2.7053388661445354
678,194001,5.099685163759345,3.5976604218583126,3.957608357066572,4.850285911356354
679,194588,3.399124466002136,3.4248231132075473,4.066410421858312,4.091808695265219
680,194694,2.539437967248131,2.614253292986828,2.779937255250979,2.6923393556425776
681,194933,2.7676441794232822,2.721564613741545,2.978690147739409,2.9504438857244573
682,194954,7.475530660377358,7.823074270202919,3.9812266375934495,10.37439368992524
683,195432,2.0694809095763618,2.0522149786400856,1.9956390174439302,1.9584482912068353
684,195538,2.5557082146671415,2.5032762993948023,3.5808617390530437,3.655565815236739
685,195660,2.5191293609825562,2.5140897561409754,2.244498709505162,2.240671724813101
686,195909,3.3330311053755786,3.3189580366678535,3.208665227839089,2.860109247063012
687,196025,3.6928844784620862,3.470363118547526,2.8095518867924527,2.8606488074047705
688,196099,2.1852861338554646,2.1988029547881807,2.174689613741545,2.073230019579922
689,196287,2.871829387682449,2.6378938234247062,2.327190503737985,2.296674750800997
690,196403,2.111516553933784,2.1287936098255607,1.6150097899608402,1.5027589889640443
691,196551,2.902945888216447,2.8872819508721963,2.783007742969028,2.622630384478462
692,196635,2.2778457636169454,2.1355130829476683,3.3940737362050553,3.4093705500177998
693,197214,2.7927754538981846,2.82313545745817,1.8549639551441794,1.79187433250267
694,197567,2.38562989498042,2.2961630028479885,2.954443307226771,2.8020314168743323
695,197604,11.894485359558562,14.052593227127092,7.69936476504094,14.380178666785334
696,197901,4.0107689569241725,4.005662602349591,2.8000233624065505,2.6130907351370594
697,198289,3.2141665183339265,3.2254472232111073,4.342782128871485,4.233290316838732
698,198762,2.4897761658953366,2.5075760946956214,2.4989542541829834,2.48185519757921
699,199389,2.3275520647917407,2.3859803310786756,2.2678944909220364,2.3376368369526523
700,199412,3.9805424528301887,3.9005428978284087,4.114130918476326,4.064302242791029
701,199508,2.2302309540761835,2.197312210751157,2.1512882698469205,2.190692862228551
702,199516,1.7421068440726237,1.7620316393734425,1.6605442328230686,1.641943307226771
703,199564,2.566816482734069,2.411756852972588,2.9082191171235316,2.9549661801352793
704,199804,4.788225347098612,4.692328230687077,2.7277723389106443,2.7826517443930223
705,199909,2.3182182271270917,2.2911178355286577,2.9270369793520827,2.925067862228551
706,200582,3.1630417853328585,3.22564190993236,3.4051208170167317,3.373359069063724
707,201246,2.1932349145603416,2.2317828853684585,2.167864453542186,2.1184140263438946
708,201500,5.113646982912068,5.811604441082236,7.221130740477038,7.265252313990744
709,201637,1.9154280882876469,1.8639084193663225,2.0011625578497685,1.9129194108223566
710,203141,2.201194820220719,2.042942328230687,2.363975169099324,2.190692862228551
711,204112,1.937366500533998,2.0752158241367034,2.3145914916340335,2.3367301530793876
712,204658,4.512743636525454,4.50752603239587,4.285377358490566,3.112751423994304
713,205531,2.2639951940192238,2.317105731577074,2.0749933250267,2.089500266998932
714,205857,2.8791718583125667,2.9468449626201494,2.5269112673549308,2.4991656283374866
715,206182,3.855303266286935,4.041779770380918,4.086719028123888,2.9299127803488787
716,206196,2.0004004983980064,1.7485982556069777,1.922258810964756,1.7615588287646848
717,206670,2.166952207191171,2.2657863118547525,2.13500689747241,2.1781161000356
718,206732,2.9026677643289425,3.1861650053399786,3.033369304022784,2.9910722232111073
719,206789,2.8423983179067283,2.849262415450338,3.161678978284087,3.129449982200071
720,206854,1.5604808205767178,1.58249710751157,1.55625333748665,1.5191404859380562
721,206892,2.2233334816660735,2.224579476682093,1.976999154503382,2.1380328853684585
722,207197,2.3719962620149517,2.4602950338198646,2.3947078586685655,2.3464255517977928
723,207472,2.3827763438946246,2.368503025987896,2.362300863296547,2.092821066215735
724,207489,2.6424606176575294,2.8588410021359913,2.5354218583125667,2.481565948736205
725,207507,2.5107355820576718,2.6052643289426842,3.18561432004272,3.0628393111427554
726,207969,2.3800841046635814,2.3167274830900677,2.7820788091847635,2.6814535866856533
727,208251,4.736616678533286,4.919611071555714,4.849217915628338,4.6630974101103595
728,208409,2.3555424528301887,2.5481599323602704,2.7948947579209684,2.523445843716625
729,208414,2.26623687255251,2.290956523673905,2.408068930224279,2.3289259967960128
730,208500,3.239631541473834,3.231376824492702,3.8270458793164828,3.8301052420790316
731,208786,1.7712987273050909,1.6803299661801352,1.9311476504093983,1.8634856710573158
732,208871,2.935920256318975,2.777879138483446,2.7763327696689215,2.8513260946956214
733,208956,2.168887949448202,1.9089978640085439,2.370422080811677,2.3793331701673193
734,208964,2.2821399964400144,1.9780170879316483,2.1098867479530083,2.0755885101459595
735,209754,2.518328364186543,2.5520147294410824,2.8109703186187254,2.6230475703097187
736,209783,2.629605731577074,2.6945977216091137,2.6937689124243502,2.693501913492346
737,210428,3.3938289871840515,3.3670289693841227,2.1949537201851195,2.191015485938056
738,210478,2.3674072178711287,2.3791551708793164,2.2851326094695623,2.106009700961196
739,210602,4.708826539693841,4.491400409398363,3.3847454610181558,4.806514773940904
740,210835,2.1282262370950518,2.1135301708793164,2.7738797169811322,2.814063056247775
741,210879,1.8902133766464935,1.862434362762549,1.8822089711641155,1.87813723745105
742,210933,4.5592403880384476,3.7800040049839803,4.694764595941616,4.653068262726949
743,211274,1.896315414738341,1.9232266820932715,1.7078809184763262,1.6867323780704877
744,211293,3.0690525987896047,3.059952385190459,2.609174750800997,2.4969128248487005
745,211429,2.848500355998576,2.724190103239587,3.529748131007476,3.379550106799573
746,211616,3.2322723834104665,3.203058250266999,3.9997274385902455,3.918993636525454
747,212146,2.075744259522962,1.9937644624421502,1.8522216536133855,1.8079665806336775
748,212681,1.7918409576361694,1.9421057315770738,2.5733857689569244,2.479335395158419
749,212833,3.8371695888216446,3.7937822623709505,2.517627491990032,2.1927231666073337
750,213210,3.5586618903524387,3.5543009077963688,2.674450427198291,2.573191082235671
751,213363,3.6055146404414384,3.704749243503026,2.287379850480598,2.2382854218583126
752,213829,1.7312989498042008,1.7004716981132075,1.6957992168031328,1.6704788180847276
753,213856,6.566421546813813,6.487723611605554,3.8257220096119617,3.5420245194019224
754,213893,2.0624721876112497,2.036439791740833,2.182365833036668,2.054551219295123
755,214055,4.855909576361695,4.599601726593094,5.900103462086151,5.043982511569954
756,214095,2.164437967248131,2.125433873264507,2.2152790138839444,2.181670523317907
757,214147,5.05688745995016,10.264301130295479,8.658180179779281,9.265358001067996
758,214349,2.1275309273762906,2.2057838643645424,2.527929200783197,1.845301931292275
759,214428,6.185597632609469,2.801119170523318,6.172331123175507,5.481304512281951
760,214822,3.303816972232111,3.311415316838733,2.414921902812389,2.219957057671769
761,215087,1.8288481221075115,1.6653446511213956,3.306609336062656,3.2291462709149164
762,215441,2.2066071110715555,2.21124621751513,1.622380072979708,1.6670467693129227
763,216269,4.073052020291919,4.004978417586329,5.095290806336775,5.100797659309363
764,216397,2.566755295478818,2.5353495461018154,2.8722187611249557,2.8053577785688857
765,216472,1.931197712709149,2.029820443218227,1.9869337397650408,1.8457358045567818
766,216757,2.3764740566037736,2.3332758543965824,2.5258377091491635,2.428060475258099
767,216831,2.923048682805269,2.955811676753293,2.923015307938768,3.193796724813101
768,217010,2.916924394802421,2.9123520380918477,3.3948024207903167,3.342459505161979
769,217067,3.7801541918832324,3.7273551530793876,3.6402022516909933,4.026594206123176
770,217076,2.5282851993592024,2.625250311498754,2.803433161267355,2.758799839800641
771,217493,2.342442817728729,2.2493936899252405,2.284504049483802,2.0929656906372376
772,217979,2.048994304022784,2.0874087753648984,1.6858368191527233,1.6148818529725881
773,218127,2.5765508187967248,2.592937878248487,2.132687344250623,2.1467159131363474
774,218200,2.9369048148807404,2.925434985760057,2.1909542986828052,1.8908808739765042
775,218478,2.8040283463866142,2.797119749021004,1.7189724991100035,1.7063234247063013
776,218893,4.45751379494482,3.9070954966180134,4.209749911000356,4.131930847276611
777,219139,2.9389796190815236,2.969895870416518,2.6394680046279815,2.3570498843004626
778,219317,2.0042886703453187,1.8915261213955143,2.87936098255607,2.8749888750444996
779,219607,3.367251468494126,3.223695042719829,3.0344706746173014,2.9700349323602704
780,219990,2.249182315770737,2.246100703097188,2.2969028123887503,2.256797347810609
781,220370,4.189713866144535,4.202852438590246,3.237072801708793,3.272305535777857
782,220924,2.3881663848344608,2.3897127536489853,2.4365265663937343,2.3947968583125667
783,221460,2.088432271270915,2.065080989676041,2.1630084104663583,2.1443407351370594
784,221611,6.998514818440726,9.063873932004272,8.290967648629405,6.2463565770736915
785,221749,5.582958793164828,7.455166429334283,8.599284665361338,8.532401432894268
786,222045,2.8566938857244573,2.81061432004272,2.599051041295835,2.515680624777501
787,222284,2.1598656105375578,2.04435519757921,3.406500311498754,3.3227182716269135
788,222711,1.3887726949092203,1.4097877358490567,1.3414582591669633,1.3425373798504805
789,222977,4.510123709505162,4.404892755428978,2.637693574225703,2.437588999644001
790,223006,2.092999065503738,2.1264184318262727,2.0802721164115345,1.9771549038803844
791,223679,5.682721831612674,6.383416028835884,4.689813990744037,6.967548504805981
792,224083,2.031372374510502,2.0996017265930935,2.0090279013883943,1.9760201584193664
793,224414,2.301007920968316,3.2620928266286935,3.2083537290850836,2.938818307226771
794,224481,6.6466324759700965,7.642816616233535,8.431130962976148,6.372324448202207
795,224525,3.559874510501958,9.610426308294766,8.495878203987184,8.736633365966537
796,225003,1.9770269668921325,2.1574626201495195,2.067817728729085,2.146437789248843
797,225081,3.353434273762905,3.350308161267355,3.3053410911356353,3.2493380651477395
798,225141,2.133933339266643,2.1637370950516197,2.1208337041651832,1.9468394001423994
799,225720,3.098355731577074,2.9929467782128873,3.488535733357067,3.4692116856532573
800,225993,5.0447779458882165,5.105998576005696,4.715190014239943,4.753571110715557
801,226186,2.9176363919544324,2.938618058027768,2.9047759433962264,2.7665149964400144
802,226351,2.3989130918476325,2.549489364542542,2.4430513527945887,2.3475992346030616
803,226488,2.3311343004627982,2.3189079743681025,2.511202830188679,2.484436187255251
804,227067,2.0906572623709505,2.1108379316482733,2.1473444731221076,2.0937333125667497
805,227200,2.0408452741189036,1.9728495461018156,2.0634122463510147,2.0033931114275543
806,227208,2.4249733001067995,2.3871818262726947,2.921140752936988,2.8734703186187254
807,227415,2.6862039426842292,2.758705277678889,2.5366678533285865,2.572623709505162
808,227569,2.4574470452118193,2.4797637059451763,2.2621818262726947,2.2475413848344608
809,227721,2.6301508543965824,2.5126713243147027,4.383009967960128,4.310653257386971
810,227991,1.9547047436810252,1.9592437255250978,1.8674072178711285,1.9203397561409754
811,228042,1.665060964756141,1.6992257030971876,1.8294266197935207,1.8840167764328943
812,228202,2.4061165005339977,2.243258276966892,3.0000166874332503,3.0000723122107513
813,228556,2.4745238519045922,2.536200605197579,2.238274296902812,2.2302643289426842
814,228825,3.2822178711285157,3.261703453186187,3.099818663225347,3.1590924261302953
815,228953,2.7359714311142755,2.722710484158063,2.443919099323603,2.445732467070132
816,229178,1.6367924528301887,1.6066549483802064,1.7276833392666429,1.586062655749377
817,229241,2.5546290939836243,2.5185286133855467,1.7350814346742613,1.5986116055535777
818,229283,2.2544166073335705,2.2460283908864365,2.0952908063367746,2.0832647294410824
819,229504,1.880317728729085,1.6958214667141331,2.477399652901388,2.413253159487362
820,229713,2.5577830188679247,2.449570576717693,2.559134700961196,2.3347665984336063
821,230186,2.2686064880740475,2.209243725525098,2.172753871484514,2.1731209950160197
822,230642,5.4259522961908155,5.430914026343895,3.0827974813100747,2.970368681025276
823,230829,2.42250355998576,2.4463999644001424,2.77999844250623,2.7841369259522963
824,231578,4.1966113385546455,4.313045122819509,4.147038536845852,3.857989943040228
825,231669,2.4219584371662513,2.311710128159487,3.6605386703453187,3.616116723033108
826,231917,1.8450905571377714,1.7477138216447134,1.7514017443930223,1.6228528835884657
827,232136,2.3540906461374154,2.3784431737273053,2.407390307938768,2.1245271893912423
828,232360,5.288859469562122,5.256040850836596,2.992996840512638,2.7991778657885367
829,232396,1.5316560608757566,1.5210317283730865,1.5357889818440726,1.5332858668565326
830,232513,4.286606666073336,3.9481855197579208,3.8917208081167676,4.15871974012104
831,232686,7.017571867212531,6.211134967960128,8.926625355998576,9.561648940904236
832,232994,7.511469829120683,7.443629850480598,5.478400898896404,5.362000489498042
833,233915,2.237562299750801,2.2310764506941974,2.5813957369170524,2.549567239231043
834,234457,3.4695343093627624,3.8410188234247062,3.6008588465646136,3.185119259522962
835,234529,2.196183027767889,2.050134611961552,2.131302287290851,2.0075371573513707
836,234819,2.442945665717337,2.324108891064436,2.2167085706657175,2.2165973211107155
837,234883,5.327963688145247,5.400665272338911,4.187377625489498,3.2953898184407264
838,235082,2.516414871840513,2.4274597276610894,2.367735404058384,2.3768912424350304
839,235116,2.002809051263795,2.0684574136703455,1.8871595763616946,1.8593249377002492
840,235503,4.079309807760769,4.070521092915628,3.593249377002492,3.4430291028835884
841,235505,3.058194642221431,3.1124621751512995,4.581785110359559,4.5765230064079745
842,235643,3.1056036400854397,3.3844506496974014,3.3337820398718403,2.7968583125667497
843,235730,1.8336151655393378,2.022639284442862,2.2070743592025632,2.0636069330722675
844,235849,3.356360137059452,3.596369927020292,3.4355809451762194,3.441199047703809
845,235959,3.3465423638305447,3.447990833036668,2.6091636258454964,2.5385646582413672
846,236011,2.077068129227483,2.212125088999644,2.717303755784977,2.501201495194019
847,236019,3.402311765752937,3.117234781060876,3.4078519935920255,3.2044766820932717
848,236516,2.144607734069064,2.1311020380918477,2.1343950249199004,1.9551386169455323
849,236669,2.3668064702741187,2.415422525809897,2.2036701228195086,2.1422158686365256
850,236753,2.8772694909220364,2.9015997686009256,2.097321110715557,2.001145870416518
851,237234,1.7290294588821644,1.720819241723033,3.3738374421502315,3.3678299661801354
852,237628,2.006558161267355,2.028084950160199,2.051302732289071,2.0262827073691705
853,237685,2.0101070220719115,2.012988385546458,1.963059585261659,2.0023306781772874
854,238944,2.2648406906372376,2.3001735493058026,2.3272739409042362,2.345796991812033
855,239069,3.031945309718761,2.9630150854396584,2.906622686009256,3.067689791740833
856,239125,2.3604819330722675,2.5721675863296545,2.5909465112139554,2.490910911356355
857,239508,5.444886970452118,5.768812299750801,4.6741333659665365,4.108529503381987
858,239735,2.543798949804201,2.5161979352082593,2.2372841758632966,2.151299394802421
859,239847,2.6949926575293697,2.774235715557138,3.2906338999644,3.3699770825916695
860,240100,2.132386970452118,2.122953008187967,1.9486416429334283,1.8947857333570666
861,240402,2.914076406194375,2.863424483802065,3.252186053755785,3.2347087486650055
862,240747,2.469806870772517,2.4499154503381986,2.06751179245283,2.0045334193663225
863,241025,2.219623309006764,2.2401488519045922,2.1760857956568174,2.1506652723389106
864,241394,6.816555046279815,7.144685608757565,6.840145514417943,6.96376601993592
865,241791,2.5308383766464932,2.5406617123531507,2.259200338198647,2.284687611249555
866,241927,2.521749288002848,2.4161623353506587,2.440993236027056,2.1979129583481667
867,241944,2.401744393022428,2.3912090601637592,2.629427732289071,2.641120060519758
868,243271,2.0634066838732643,2.1284765485938055,3.265814124243503,3.266759745461018
869,243514,2.1698057582769668,2.2007220096119617,2.5891943307226772,2.610164871840513
870,244394,4.182282395870416,4.388450071199715,4.565325738697045,4.531650498398006
871,245073,2.5407618369526523,2.590824136703453,2.9195888216447132,2.9746017265930935
872,245189,2.0565425863296545,2.06375155749377,1.675496173015308,1.4920345318618726
873,245474,2.797064124243503,2.776182582769669,1.9328330811676753,2.0184173638305447
874,245770,3.5697312210751155,1.831189925240299,3.611950427198291,3.578831434674261
875,246001,6.02936988252047,6.615699537201851,5.6649274652901385,5.098822979708081
876,246177,2.870694642221431,2.9877180491278037,2.731616011035956,2.7804768155927375
877,246712,2.4075460573157708,2.5120316393734425,2.112061676753293,2.1581523673905303
878,246922,3.3817584104663583,3.3186687878248486,3.1767310430758275,3.3221898362406552
879,246968,2.905042942328231,2.6165950961196156,2.8779536756852973,3.1428611160555358
880,247500,5.604591269134923,5.467887815948736,4.978222899608402,6.260830144179423
881,248291,2.4098433606265575,2.344862495550018,2.1118836774652903,1.9853929334282663
882,248583,2.547692684229263,2.5901343894624422,2.4848478106087577,2.71186365254539
883,248593,3.9290784086863653,3.6741500533997864,4.219434184763261,4.127375177999288
884,248621,2.4199781950872197,2.431570398718405,1.9946488964044145,2.266932182271271
885,249204,2.8356176575293697,2.789627091491634,2.5712108401566396,2.5739142043431826
886,249462,2.415433650765397,2.3685419633321465,2.0537168476326095,1.8575282573869705
887,249685,2.8301386169455323,2.6156494749021,2.6530460128159485,2.822556959772161
888,250424,2.753242924528302,2.5662324225703097,2.3931614898540405,2.5121762637949447
889,250906,2.143639862940548,2.029075071199715,1.8457246796012816,1.741617346030616
890,250974,3.934679823780705,4.880879538981844,4.553155037379851,4.756886347454611
891,251281,3.5852727839088643,4.053566660733357,3.290517087931648,2.5917697579209684
892,251313,2.4776555268778924,2.4602115966536133,2.2468572000712,2.2225825471698113
893,251725,2.2324726326094697,2.2510958081167676,2.096392176931292,2.1828219562121753
894,251880,4.6511213955144175,3.6087798148807404,3.544739008543966,4.473784042363831
895,251958,2.382364720541118,2.3376423994304023,2.4479685831256677,2.480809451762193
896,252274,3.6262126201495195,3.5533664115343537,4.207246796012816,4.260935831256675
897,252759,1.8450293698825204,1.7944664471342116,1.8644146048415806,1.8328642310430758
898,252956,3.0829643556425776,3.0530938501245997,2.874304690281239,2.9250344873620504
899,253367,2.1945532217871127,2.2414782840868637,2.4973967604129585,2.4863496796012816
900,253489,6.862734736561054,8.390914248843005,7.274180090779637,7.6650776521893915
901,253721,2.0208592915628336,2.020380918476326,2.127191616233535,2.1210951406194374
902,254359,3.1479062833748666,3.0970429868280527,3.1812255250979,2.95437655749377
903,254758,2.67562967248131,2.217615254538982,3.628259611961552,3.752024741901032
904,254994,2.005189791740833,1.9567851103595586,1.8531394624421502,1.9164070843716625
905,255663,3.5041662958348168,3.492117969028124,2.626735493058028,2.5240521537913847
906,255825,2.3189079743681025,2.2577318440726235,2.5631007475970096,2.550774296902812
907,256451,2.7652022516909933,2.798254494482022,2.3243480776076897,2.371562388750445
908,256742,2.510985893556426,2.421496751512994,2.346130740477038,2.397160911356355
909,256823,2.33186854752581,2.349201228195087,2.04374888750445,1.955806114275543
910,257067,3.408424928800285,3.037696911712353,3.682988830544678,3.68063033997864
911,257608,5.1205277678889285,5.146104040583838,4.399257965468138,5.594278435386259
912,258232,2.2421068440726235,2.069692283730865,2.156305624777501,2.1703564435742257
913,258343,3.136108268066928,3.073319019223923,3.0743258276966894,2.913080722677109
914,258710,2.2588443396226414,2.293053577785689,2.0635401833392666,2.1487573424706303
915,258793,1.8889228818084727,1.9735837931648272,1.9187322000711997,2.076484069063724
916,259727,1.8667230331078675,2.0672281060875757,1.6528402011391954,2.110565370238519
917,259747,1.9927187166251334,2.0255929601281597,2.2858334816660735,2.2853106087575648
918,260277,3.0962586774652903,2.0827084816660735,2.5462186276254895,2.7328620060519757
919,260394,2.5998909754360984,2.615821911712353,2.607255695977216,2.6012259700961198
920,260776,2.6661400854396584,2.623809629761481,2.550829921680313,2.346186365254539
921,260813,4.316021048415807,3.8319519846920613,4.466497196511214,3.7725892221431114
922,260881,7.477722276610893,6.489314480242079,6.74809207013172,5.347337798148807
923,260988,2.4872341135635456,2.463671457814169,2.664460217159131,2.5512081701673193
924,260995,2.1858145692417232,2.227688901744393,2.116550596297615,2.1175963421146315
925,261004,2.385290583837665,2.373498131007476,2.315364676041296,2.3625233624065505
926,261051,2.7508009967960128,2.8619170523317905,2.469684496262015,2.469873620505518
927,261176,1.9605898451406194,2.0695810341758634,1.6650109024563902,2.129244170523318
928,261588,2.3177176041295833,2.2144001423994304,2.2104062833748666,1.9107667319330723
929,261803,3.4399141153435386,3.608624065503738,3.6920334193663225,3.644062611249555
930,262241,5.038920656817373,5.411195042719829,5.584126913492346,6.270202919188323
931,262778,2.8565993236027056,2.861516553933784,2.795267443930224,2.861305179779281
932,263289,2.254605731577074,2.2406661623353505,2.2768333926664295,2.357255695977216
933,263291,3.0549795300818796,2.7538603595585616,3.1013872819508723,2.9708470541117835
934,263321,2.5161089355642576,2.5061743503025986,2.237884923460306,2.255695977216091
935,263564,1.730431203275187,1.887560074759701,1.598806292274831,1.6834894535421858
936,263819,2.0285410733357065,2.006179912780349,2.0482989943040226,2.046441126735493
937,264050,1.903246262014952,1.871061765752937,1.6035733357066573,1.623309006763973
938,264336,2.3222732734069065,2.3072879583481667,2.28749666251335,2.2832135546457812
939,264679,3.6672859558561766,3.4099879850480597,2.6428054912780348,3.687561187255251
940,265514,2.631040850836597,2.1170234069063723,2.653440948736205,2.573986516553934
941,266074,3.125200249199003,3.0353106087575648,2.553705722677109,1.8650932271270915
942,266960,6.368464088643646,5.2275887771448915,6.313512370950516,7.423271181915272
943,267239,4.366011035955856,3.4901321644713423,5.445493280526878,4.964795078319686
944,267646,3.0153413136347456,2.4942706479174084,5.108012192951228,5.192150231399075
945,267716,2.826306069775721,2.8134011213955143,2.5099123353506587,2.516631808472766
946,267905,2.1095251868992526,2.108935564257743,1.8367079031683873,1.9005428978284087
947,268097,2.8327752313990744,1.828180624777501,2.7642844428622286,2.8746440014239942
948,268151,2.2906728373086507,2.1656617123531507,1.8183572890708437,2.3921602438590246
949,268326,2.4566627358490565,2.459688723745105,2.5109525186899253,2.4060219384122465
950,268726,3.0440492613029546,2.915567150231399,2.113886169455322,2.3425040049839803
951,268744,2.027929200783197,2.164877402990388,3.401505206479174,3.3960873531505875
952,268759,2.757687344250623,2.751134745461018,2.7896549038803844,2.7958403791384834
953,270596,3.911350792096832,4.339083081167676,4.843316126735493,4.881953097187611
954,271022,3.980826139195443,4.088593583125667,4.9945265218939126,4.940470363118547
955,271307,4.763288759344962,4.482428132787469,4.325377135991456,3.7216035510857957
956,271387,2.874499377002492,2.879249733001068,2.979747018511926,2.9368380651477395
957,271491,2.9066504983980064,2.7280282128871485,2.810742257030972,2.9570910466358136
958,272068,3.400815459238163,3.2388472321110715,3.3770970541117835,3.378487673549306
959,273414,1.995372018511926,2.00311498754005,1.8041785332858669,1.8375533997864009
960,273608,1.7916184585261659,1.7241011035955855,1.5618770024919901,1.6514551441794232
961,274843,3.8336207280170878,3.7149508276966894,4.834927910288359,3.7783018867924527
962,275362,3.148835217159131,2.9849646226415096,3.0628059362762547,2.9384066838732643
963,275787,2.5817239231043074,2.651766642933428,2.218065815236739,2.201990254538982
964,275878,2.7693017977928087,2.822757208971164,2.623498131007476,2.545145069419722
965,276390,4.715223389106444,4.342982378070488,4.741995594517622,4.60436877002492
966,277445,4.143300551797793,4.376101370594518,3.293242702029192,3.31063100747597
967,277790,2.544677821288715,2.5320509967960128,2.5189513616945534,2.261074893200427
968,279262,1.8900020024919901,1.977177153791385,1.9405927376290495,1.7806047525809896
969,279600,2.6400409398362408,2.604507831968672,2.4647783908864365,2.391798682805269
970,279951,2.2419232823068707,2.21561276254895,2.2733512815948735,2.0963532395870415
971,280312,2.7782073246707015,2.6999432627269493,3.0770180669277325,3.0028257386970454
972,280995,3.490299038803845,3.4919121573513707,3.81812922748309,3.790683962264151
973,281338,2.54688056247775,2.5625,2.4493313901744393,2.398868592025632
974,281499,3.243553088287647,3.2581712798148805,3.1265129939480243,3.054634656461374
975,281807,2.9659186988252046,2.8726693218227126,2.8467926753292985,2.691621796012816
976,282442,1.733629627981488,1.7636558828764686,1.6535744482022072,1.5661656728373086
977,282659,2.466519446422214,2.4895147294410824,2.4309529636881453,2.471737050551798
978,283120,2.7630328853684585,2.9499766375934495,2.9829231933072267,3.2148896404414384
979,283659,2.6065270113919543,2.548565993236027,3.150793209327163,3.1302231666073337
980,284044,2.8617112406550373,2.791501646493414,2.9920289693841227,2.914310030259879
981,284672,2.1424105553577784,2.2687789248843004,2.2132264595941615,2.1765474813100747
982,285068,3.938440058739765,3.8982233446066217,2.7415728462086153,2.3690425863296545
983,285236,5.938929556781773,5.935436320754717,3.1681425774296903,3.5922815058739763
984,285249,2.1845185119259525,2.1624799750800996,3.0085328408686367,3.0289471342114633
985,286234,3.3628571110715555,3.3355898451406194,2.8580733802064793,2.469011436454254
986,286662,2.04751468494126,2.0441438234247062,2.0357834193663225,1.9961118280526877
987,287453,2.673082057671769,2.696611338554646,2.4096931737273053,2.492696466714133
988,287559,6.131063100747597,6.170289693841225,4.104124021003916,3.779186320754717
989,288303,4.074670701317195,3.9556559273762906,3.2207803043787826,3.2555346653613384
990,289876,2.9408931114275543,2.91501646493414,3.7974201228195086,3.860109247063012
991,290241,3.2589055268778924,3.2442762103951583,2.305930713777145,2.3132731844072625
992,290833,2.4582424795300817,2.402128203987184,2.990677287290851,2.940258988964044
993,291571,5.188373309006764,5.169850258098967,4.046975124599502,3.981293387326451
994,291760,2.414565904236383,2.3999810875756498,2.4213465646137418,2.316627358490566
995,292702,4.934585261658953,5.182382520469918,4.873520380918476,4.703386436454254
996,292704,2.622808383766465,2.7362829298682807,2.6956379049483803,2.4882576094695623
997,293276,2.505178666785333,2.5194631096475613,2.9749799750800996,3.000500622997508
998,293361,2.6402022516909933,2.5922425685297257,2.599763038447846,2.5513472321110715
999,294339,2.752636614453542,2.7064124243503027,2.5990732912068353,2.585500845496618
